timestamp,vehiculo_id,vehiculo_nombre,electrolinera_id,electrolinera_nombre,nodo_origen_osm,nivel_bateria_llegada,distancia_recorrida_m
2026-04-22 21:00:00,V2,BYD Seagull (Std Range),E6,Éxito de La Rosita,845132340,18.43,2954.5
2026-04-30 15:00:00,V1,Tesla Model 3 Long Range,E7,Centro Comercial La Florida,839087681,19.53,4033.7
2026-05-01 21:00:00,V2,BYD Seagull (Std Range),E7,Centro Comercial La Florida,839087681,19.32,4033.7
2026-05-12 09:00:00,V2,BYD Seagull (Std Range),E6,Éxito de La Rosita,845132340,18.85,2954.5
2026-05-15 15:00:00,V1,Tesla Model 3 Long Range,E7,Centro Comercial La Florida,839087681,19.05,4033.7
2026-04-23 21:00:00,V2,BYD Seagull (Std Range),E2,Centro Comercial Quinta Etapa,839097185,19.2,1004.3
2026-04-22 13:00:00,V2,BYD Seagull (Std Range),E3,Centro Comercial Cacique,839103570,19.34,337.8
2026-04-30 15:00:00,V1,Tesla Model 3 Long Range,E7,Centro Comercial La Florida,2791599646,19.45,332.9
2026-05-03 01:00:00,V2,BYD Seagull (Std Range),E7,Centro Comercial La Florida,839092126,19.88,619.0
2026-05-12 05:00:00,V2,BYD Seagull (Std Range),E6,Éxito de La Rosita,845132340,19.12,2954.5
2026-05-14 03:00:00,V1,Tesla Model 3 Long Range,E7,Centro Comercial La Florida,286385600,19.92,1106.9
2026-04-22 21:00:00,V2,BYD Seagull (Std Range),E6,Éxito de La Rosita,845132340,17.78,2954.5
2026-04-22 09:00:00,V2,BYD Seagull (Std Range),E7,Centro Comercial La Florida,839092126,17.84,619.0
2026-05-01 23:00:00,V1,Tesla Model 3 Long Range,E2,Centro Comercial Quinta Etapa,839097185,19.88,1004.3
2026-05-03 09:00:00,V2,BYD Seagull (Std Range),E3,Centro Comercial Cacique,839103570,19.88,337.8
2026-05-12 13:00:00,V2,BYD Seagull (Std Range),E2,Centro Comercial Quinta Etapa,839097185,19.6,1004.3
2026-04-23 05:00:00,V2,BYD Seagull (Std Range),E7,Centro Comercial La Florida,839092126,18.15,619.0
2026-04-28 15:00:00,V1,Tesla Model 3 Long Range,E6,Éxito de La Rosita,845132340,19.42,2954.5
2026-05-03 09:00:00,V2,BYD Seagull (Std Range),E1,Homecenter Bucaramanga,948655341,19.51,489.9
2026-04-23 05:00:00,V2,BYD Seagull (Std Range),E7,Centro Comercial La Florida,839087681,18.9,4033.7
2026-05-02 15:00:00,V1,Tesla Model 3 Long Range,E2,Centro Comercial Quinta Etapa,839097185,19.86,1004.3
2026-05-04 01:00:00,V2,BYD Seagull (Std Range),E6,Éxito de La Rosita,845132340,18.96,2954.5
2026-05-13 13:00:00,V2,BYD Seagull (Std Range),E1,Homecenter Bucaramanga,948655341,19.98,489.9
2026-04-30 13:00:00,V2,BYD Seagull (Std Range),E1,Homecenter Bucaramanga,287184202,19.38,927.3
2026-05-01 01:00:00,V2,BYD Seagull (Std Range),E3,Centro Comercial Cacique,839103570,19.16,337.8
2026-05-06 07:00:00,V1,Tesla Model 3 Long Range,E2,Centro Comercial Quinta Etapa,839097185,19.51,1004.3
2026-05-11 01:00:00,V2,BYD Seagull (Std Range),E6,Éxito de La Rosita,845132340,19.97,2954.5
2026-05-21 07:00:00,V1,Tesla Model 3 Long Range,E1,Homecenter Bucaramanga,287184202,19.62,927.3
2026-05-23 05:00:00,V2,BYD Seagull (Std Range),E1,Homecenter Bucaramanga,287184202,17.61,927.3
2026-05-01 01:00:00,V2,BYD Seagull (Std Range),E3,Centro Comercial Cacique,839103570,19.16,337.8
2026-04-30 21:00:00,V2,BYD Seagull (Std Range),E3,Centro Comercial Cacique,839103570,19.73,337.8
2026-05-04 23:00:00,V1,Tesla Model 3 Long Range,E2,Centro Comercial Quinta Etapa,839097185,19.69,1004.3
2026-05-10 09:00:00,V2,BYD Seagull (Std Range),E6,Éxito de La Rosita,845132340,19.41,2954.5
2026-05-19 07:00:00,V1,Tesla Model 3 Long Range,E1,Homecenter Bucaramanga,287184202,19.86,927.3
2026-05-20 09:00:00,V2,BYD Seagull (Std Range),E7,Centro Comercial La Florida,839087681,19.37,4033.7
2026-04-30 13:00:00,V2,BYD Seagull (Std Range),E7,Centro Comercial La Florida,839092126,17.86,619.0
2026-05-05 15:00:00,V1,Tesla Model 3 Long Range,E7,Centro Comercial La Florida,839087681,19.95,4033.7
2026-05-11 17:00:00,V2,BYD Seagull (Std Range),E7,Centro Comercial La Florida,839087681,19.93,4033.7
2026-05-19 19:00:00,V1,Tesla Model 3 Long Range,E7,Centro Comercial La Florida,839092126,18.54,619.0
2026-05-21 21:00:00,V2,BYD Seagull (Std Range),E7,Centro Comercial La Florida,839087681,19.47,4033.7
2026-05-01 01:00:00,V2,"BYD Seagull (Std Range, baja gama)",E3,Centro Comercial Cacique,839103570,19.16,337.8
2026-05-06 07:00:00,V1,Tesla Model 3 Long Range (alta gama),E2,Centro Comercial Quinta Etapa,839097185,19.51,1004.3
2026-05-11 01:00:00,V2,"BYD Seagull (Std Range, baja gama)",E6,Éxito de La Rosita,845132340,19.97,2954.5
2026-05-21 07:00:00,V1,Tesla Model 3 Long Range (alta gama),E1,Homecenter Bucaramanga,287184202,19.62,927.3
2026-05-23 05:00:00,V2,"BYD Seagull (Std Range, baja gama)",E1,Homecenter Bucaramanga,287184202,17.61,927.3
2026-05-01 09:00:00,V2,"BYD Seagull (Std Range, baja gama)",E7,Centro Comercial La Florida,839087681,17.78,4033.7
2026-05-07 19:00:00,V1,Tesla Model 3 Long Range (alta gama),E7,Centro Comercial La Florida,839087681,18.95,4033.7
2026-05-13 01:00:00,V2,"BYD Seagull (Std Range, baja gama)",E7,Centro Comercial La Florida,839087681,18.64,4033.7
2026-05-22 15:00:00,V1,Tesla Model 3 Long Range (alta gama),E1,Homecenter Bucaramanga,287184202,19.66,927.3
2026-05-24 13:00:00,V2,"BYD Seagull (Std Range, baja gama)",E7,Centro Comercial La Florida,286385600,19.96,1106.6
2026-05-01 01:00:00,V2,"BYD Seagull (Std Range, baja gama)",E7,Centro Comercial La Florida,839087681,19.84,4033.7
2026-05-06 03:00:00,V1,Tesla Model 3 Long Range (alta gama),E7,Centro Comercial La Florida,2791599646,19.73,332.9
2026-05-11 09:00:00,V2,"BYD Seagull (Std Range, baja gama)",E7,Centro Comercial La Florida,839087681,19.38,4033.7
2026-05-01 17:00:00,V2,"BYD Seagull (Std Range, baja gama)",E2,Centro Comercial Quinta Etapa,839097185,19.78,1004.3
2026-05-08 23:00:00,V1,Tesla Model 3 Long Range (alta gama),E7,Centro Comercial La Florida,839087681,18.48,4033.7
2026-05-12 05:00:00,V2,"BYD Seagull (Std Range, baja gama)",E7,Centro Comercial La Florida,839087681,18.08,4033.7
2026-05-22 01:00:00,V2,"BYD Seagull (Std Range, baja gama)",E7,Centro Comercial La Florida,839087681,19.36,4033.7
2026-05-24 03:00:00,V1,Tesla Model 3 Long Range (alta gama),E1,Homecenter Bucaramanga,948655341,19.3,489.9
2026-05-01 21:00:00,V2,"BYD Seagull (Std Range, baja gama)",E2,Centro Comercial Quinta Etapa,839097185,19.87,1004.3
2026-05-07 23:00:00,V1,Tesla Model 3 Long Range (alta gama),E1,Homecenter Bucaramanga,948655341,19.9,489.9
2026-05-12 17:00:00,V2,"BYD Seagull (Std Range, baja gama)",E5,Estación Terpel Piedecuesta,845132313,18.39,373.6
2026-05-22 03:00:00,V1,Tesla Model 3 Long Range (alta gama),E5,Estación Terpel Piedecuesta,845132313,19.68,373.6
2026-05-22 21:00:00,V2,"BYD Seagull (Std Range, baja gama)",E5,Estación Terpel Piedecuesta,845132313,18.27,373.6
2026-04-30 21:00:00,V2,"BYD Seagull (Std Range, baja gama)",E3,Centro Comercial Cacique,839103570,19.76,337.8
2026-05-06 23:00:00,V1,Tesla Model 3 Long Range (alta gama),E7,Centro Comercial La Florida,839087681,18.67,4033.7
2026-05-12 13:00:00,V2,"BYD Seagull (Std Range, baja gama)",E5,Estación Terpel Piedecuesta,845132313,19.79,373.6
2026-05-22 09:00:00,V2,"BYD Seagull (Std Range, baja gama)",E3,Centro Comercial Cacique,839103570,19.99,337.8
2026-05-23 23:00:00,V1,Tesla Model 3 Long Range (alta gama),E3,Centro Comercial Cacique,839103570,18.96,337.8
